task,target,model,rmse,mae,r2,macro_f1,accuracy,run_id
regression,next_return_1m,LinearRegression,0.0006510322605317499,0.00041543621222099787,-0.0012153541806403378,,,002881754d7c466fbca30b29ce5930a0
regression,next_return_1m,RandomForestRegressor,0.0006540968831322473,0.0004158843534721837,-0.010663638843902312,,,9a3c89d75f1e472fb7c82c5019b6f976
regression,next_return_1m,XGBRegressor,0.0006574595848665726,0.0004169581465183684,-0.021081961974905417,,,030fc7ea1294455b88a30628d3ca718c
regression,future_return_5m,LinearRegression,0.0014249508388711521,0.0009364759794807623,0.00029271582104184457,,,51c8fa84ab454529a0bb9da0d3143083
regression,future_return_5m,RandomForestRegressor,0.0014292199404704396,0.0009378611336537135,-0.005706431679082691,,,273d0bd9f3aa4a7eba27c97064c16dc7
regression,future_return_5m,XGBRegressor,0.0014319464709075277,0.0009392170770766082,-0.0095472747404719,,,5aa51e4360e142abbb57eb7ecf10582f
classification,target_direction_5m,LogisticRegression,,,,0.3870254271999771,0.39154032554776014,d1cdc6610fe040ada32fc5fab2db1616
classification,target_direction_5m,RandomForestClassifier,,,,0.3816816579371947,0.389863107547481,a25a718b9a644af69b38414e732173f2
classification,target_direction_5m,XGBClassifier,,,,0.38650628717162966,0.3980106824323467,acbd69ed93b5480baba23d81d0027ca1
