feature_version,task,target,model,rmse,mae,r2,macro_f1,accuracy,run_id
v2,regression,next_return_1m,LinearRegression,0.0006513225000758967,0.00041577474446051195,-0.002066175183828234,,,c3c3c1e1d81747fb8e28044f0f64806a
v2,regression,next_return_1m,RandomForestRegressor,0.0006556226409155268,0.00041582143939198507,-0.01534147318153778,,,ee972a6dbcf14cf7acbc5ff4571b5496
v2,regression,next_return_1m,XGBRegressor,0.0006539413690552193,0.00041641684117612275,-0.010140688000649156,,,7804dc84820b4b6f8b64ad3dae25598e
v2,regression,future_return_5m,LinearRegression,0.0014250999213958465,0.000936972227622189,0.00015579634507556506,,,663bde32b86e4a3ba8cd3bf3c19bb3a9
v2,regression,future_return_5m,RandomForestRegressor,0.001435251717903824,0.0009391589709423104,-0.014139857758008745,,,1da6ec157acd4d5ea8c185692647757d
v2,regression,future_return_5m,XGBRegressor,0.0014351662829249277,0.0009406934152421473,-0.014019125711493219,,,992dd8fda23f4101b3218737f1a98e0b
v2,classification,target_direction_5m,LogisticRegression,,,,0.3697409730498809,0.376673103224284,67a0a68768fc4ee8a145f9fb4b24e57d
v2,classification,target_direction_5m,RandomForestClassifier,,,,0.3673470346753817,0.37580023496395615,443c59d7fd214cefb8162bc71c8b5729
v2,classification,target_direction_5m,XGBClassifier,,,,0.3651590670477362,0.3690583426160166,ea0d51b302ed4eb3a6075cd19e3f1aea
