symbol,confidence_threshold,samples,coverage,accuracy,macro_f1
BNBUSDT,0.5,77606,1.0,0.5196634280854573,0.5153623221027139
BNBUSDT,0.55,4210,0.05424838285699559,0.5418052256532067,0.5319466636051327
BNBUSDT,0.6,13,0.0001675128211736206,0.3076923076923077,0.23529411764705882
BTCUSDT,0.5,78077,1.0,0.5244822418894168,0.5243085351094445
BTCUSDT,0.55,7117,0.09115360477477362,0.5531825207250246,0.5425105093741435
BTCUSDT,0.6,53,0.0006788170652048619,0.5471698113207547,0.41758241758241754
ETHUSDT,0.5,78530,1.0,0.5310709283076531,0.5308605430693156
ETHUSDT,0.55,12981,0.16529988539411689,0.5683691549187274,0.5539234489361864
ETHUSDT,0.6,236,0.0030052209346746466,0.4745762711864407,0.353881480173099
SOLUSDT,0.5,74580,1.0,0.526025744167337,0.5256406378994947
SOLUSDT,0.55,11687,0.15670421024403325,0.562419782664499,0.5465104213045777
SOLUSDT,0.6,112,0.0015017430946634486,0.41964285714285715,0.31930808789153814
XRPUSDT,0.5,75451,1.0,0.525533127460206,0.5244177220452748
XRPUSDT,0.55,7224,0.09574425786271885,0.5567552602436323,0.5385730888321562
XRPUSDT,0.6,46,0.0006096672012299373,0.41304347826086957,0.343204653622422
