catboost_weight,gru_weight,accuracy,macro_f1
0.0,1.0,0.5233835791840601,0.5232903668420835
0.05,0.95,0.5238884667034488,0.5238215503432909
0.1,0.9,0.5242736386254567,0.5242251014363883
0.15,0.85,0.524419379352703,0.5243869469054783
0.2,0.8,0.524848793995482,0.5248297898842633
0.25,0.75,0.5251454804759476,0.5251354950331744
0.3,0.7,0.5250387774434995,0.5250348919793867
0.35,0.65,0.5249502920019571,0.5249493641594054
0.4,0.6,0.5249554970279302,0.5249554886591826
0.45,0.55,0.5251272628850417,0.5251259248000466
0.5,0.5,0.5250622000603783,0.5250589961042615
0.55,0.45,0.525364091566817,0.5253581280002134
0.6,0.4,0.5249711121058495,0.5249620203121901
0.65,0.35,0.5250439824694725,0.5250296735958422
0.7,0.3,0.5252209533525573,0.5252026609456415
0.75,0.25,0.5249685095928629,0.5249469258145525
0.8,0.2,0.5246197728526666,0.5245959854206412
0.85,0.15,0.5245234798721645,0.524497886446841
0.9,0.1,0.5243803416579049,0.5243532854408591
0.95,0.05,0.52372971341127,0.5236998606203934
1.0,0.0,0.5235813701710371,0.5235499770920818
