model,class,precision,recall,f1,support
LogisticRegression,DOWN,0.5253553931411131,0.5044186369314764,0.5146741781673407,194517
LogisticRegression,UP,0.5161348612386876,0.5370309439874658,0.5263756008415621,191475
RandomForest,DOWN,0.5276800123377231,0.4925225044597644,0.5094954716359015,194517
RandomForest,UP,0.5171423679898256,0.5521451886669277,0.5340708746937435,191475
XGBoost,DOWN,0.5262929833792441,0.5244991440336835,0.5253945325474868,194517
XGBoost,UP,0.5186116228960435,0.5204073638856248,0.5195079415973911,191475
LightGBM,DOWN,0.5272433762926418,0.5087575893109599,0.5178355580904938,194517
LightGBM,UP,0.5181169469729443,0.5365713539626583,0.5271826974882623,191475
CatBoost,DOWN,0.5280171842265772,0.5118061660420425,0.5197853089056079,194517
CatBoost,UP,0.5190506819551576,0.5352395874135004,0.5270208422254333,191475
