model_version,task,target,model,rmse,mae,r2,macro_f1,accuracy,run_id
v3,regression,next_return_1m,XGBoost,0.0006508824851651886,0.0004153644782335766,-0.0007909704673834117,,,ec6b11188e4e4f458b5777309a21f0d0
v3,regression,next_return_1m,LightGBM,0.0006508188016554411,0.0004153524910641296,-0.0005951416809069077,,,9a1f6b0500c745dbbcfe0618eeee7aaf
v3,regression,next_return_1m,CatBoost,0.0006506629571923492,0.0004153184889650263,-0.00011599589734578863,,,fb072732258043b4a226c8f497172296
v3,regression,future_return_5m,XGBoost,0.0014264412632823524,0.0009367679723528379,-0.00173448325683756,,,6fd77a874c934c61bfe86b7e24d58135
v3,regression,future_return_5m,LightGBM,0.001425559706594157,0.0009364553412181366,-0.0004966995810637975,,,d7548f4e40314daeaa5f65bc80d3ceb5
v3,regression,future_return_5m,CatBoost,0.0014245341668869178,0.0009364065810123238,0.0009422861319002829,,,abceee0486264aa985d494f09ee81ae8
v3,classification,target_direction_5m,XGBoost,,,,0.3928222510161558,0.4014637624888023,a20770d0efdf49edb66263b61a21ba8c
v3,classification,target_direction_5m,LightGBM,,,,0.3935939673405861,0.4033924370579592,396389b2fe234310a5f33a5a35f6b166
v3,classification,target_direction_5m,CatBoost,,,,0.392305105857406,0.4011440085470736,4263326c306540d4a295930ecc27f061
