symbol,horizon_minutes,samples,target_mean,target_std,zero_rmse,zero_mae,zero_r2,momentum_rmse,momentum_mae,momentum_r2,current_future_correlation
BTCUSDT,5,78796,3.4311597791851014e-06,0.0011640579920327127,0.0011640630488391345,0.0007623824135015454,-8.688256839528563e-06,0.0016666939065783182,0.0011221427746345193,-1.0500405969706326,-0.0250140511485539
BTCUSDT,15,78776,8.423279381644896e-06,0.001991859868164107,0.001991877678482862,0.0013226023650472342,-1.7883184119105167e-05,0.0028114617958697086,0.0019239233951998701,-0.9922636434008423,0.005528187257921922
BTCUSDT,30,78746,1.7612054249869462e-05,0.002824445300321091,0.002824500210472784,0.0018873950830678378,-3.888245627670095e-05,0.004032458772675005,0.0027589369164780246,-1.038325487870528,-0.018269067006147003
BTCUSDT,60,78686,3.0291725762268526e-05,0.003955088206318444,0.0039552042056522066,0.0026740817258169786,-5.8659139210881506e-05,0.005633910598187146,0.003962240118975536,-1.0291191755429878,-0.013094447918787057
ETHUSDT,5,78811,9.962259685764836e-06,0.001542987275902567,0.001543019436110664,0.0010038981784646346,-4.168607707111249e-05,0.002201883738151056,0.0014829975848483095,-1.0364046433095946,-0.018187447492411007
ETHUSDT,15,78791,2.8050377722141553e-05,0.0026488647588484393,0.0026490132756102893,0.0017278631476497028,-0.00011213930411413386,0.0037256413534564278,0.002542079541005664,-0.9782561300432193,0.01182802536927814
ETHUSDT,30,78761,5.705519299632437e-05,0.0037686454080532576,0.003769077275234451,0.0024566039658552486,-0.0002292027396040286,0.005327386556907711,0.003641903932855902,-0.9982870217103779,0.0013377311813004401
ETHUSDT,60,78701,0.00010731901766239023,0.005330467487999208,0.0053315477126411066,0.003488792487359043,-0.0004053430955690551,0.00762792206513394,0.005273842992719326,-1.0477733972480858,-0.02245085449958122
SOLUSDT,5,78794,1.1107443279110555e-05,0.0017585317097326089,0.0017585667884477095,0.0011839305390463092,-3.9895857182337124e-05,0.002516448411756075,0.0017302201679916366,-1.047743968519029,-0.023860949891817893
SOLUSDT,15,78774,3.0573924701948734e-05,0.003007427302999605,0.0030075827083721504,0.0020342541070961563,-0.00010335038694897491,0.004254337070150118,0.002954873282310977,-1.0011217654185103,0.0010221447367269139
SOLUSDT,30,78744,6.195032034875946e-05,0.004256168360145508,0.004256619192750864,0.002880151971614521,-0.00021186026694430815,0.006033541786183599,0.004190176995851135,-1.0095881072036281,-0.003960881812842694
SOLUSDT,60,78684,0.0001152745102374824,0.006003547119582411,0.006004653714391593,0.004121197474936767,-0.00036868097238240694,0.008661011464768584,0.006096089318934026,-1.0812362411305756,-0.038714316813565366
BNBUSDT,5,78797,1.1712089284045039e-06,0.001086524385948219,0.0010865250171949602,0.0007393138588910339,-1.1619562940712314e-06,0.0015467940604665137,0.0010768296252210174,-1.0266839835637183,-0.013313243875125091
BNBUSDT,15,78777,1.78442658794765e-06,0.001864749557280547,0.0018647504110620929,0.0012811740858477934,-9.157066029885641e-07,0.0026751755112925505,0.001880000857100717,-1.0580860786776465,-0.027187197183188683
BNBUSDT,30,78747,4.185590892384655e-06,0.0026008635927179413,0.0026008669606684604,0.001790852923739377,-2.589872617253519e-06,0.003732635165398748,0.002626491789978726,-1.0596619016255806,-0.0288963114437447
BNBUSDT,60,78687,3.8085725373708705e-06,0.0036220030749792497,0.003622005077354795,0.0025433175056340683,-1.1056733288938858e-06,0.0051693821227244315,0.0037051473930504457,-1.0369465998352663,-0.016931274965692526
XRPUSDT,5,78805,-6.160327844272507e-07,0.0014661017722256478,0.0014661019016492603,0.0009936815737046636,-1.76554752817637e-07,0.002100340146984435,0.0014522062280508633,-1.052348130598514,-0.026112707025032343
XRPUSDT,15,78785,-4.448992501755195e-06,0.002493189929076033,0.0024931938985928138,0.001709125379969952,-3.1842900491962922e-06,0.0035437313928686465,0.002488623736561744,-1.0202767407596967,-0.007833164062297775
XRPUSDT,30,78755,-8.258915359911082e-06,0.0035122168475093187,0.0035122265578420788,0.002424036510936559,-5.529468483977951e-06,0.004978824654393376,0.00353544161892344,-1.0095139216702953,-0.003574980086453457
XRPUSDT,60,78695,-2.250766380432941e-05,0.004955479668357358,0.004955530782714711,0.0034563168053494994,-2.062953513637389e-05,0.007094815237308947,0.005079635142990295,-1.0497966682567612,-0.023179995562802598
