feature,mean_importance,std_importance
rolling_return_std_15,0.05292489768470635,0.00027234109470107446
atr_14_pct,0.012829136167317364,0.0008131993383894524
rolling_return_std_60,0.007317770327881519,0.0009171339042413606
volatility_15m,0.005266330659123593,0.0008342503778107915
time_cos,0.0031439723855630395,0.00018544164989739068
day_sin,0.00270789203614602,0.0011888930115964518
time_sin,0.0019451795159264318,0.001346464639058087
volume_ratio,0.001866920280451434,0.00014177610200374934
SOLUSDT_return_5m,0.00164357265500444,0.0002084027789239709
volatility_60m,0.0014624674098082286,0.00034325838517955257
market_volatility_15m,0.0014007427945660715,0.0005416578819129382
bollinger_position,0.0012294088491768458,0.00014821783552602027
upper_shadow,0.001091287451355727,0.0011766589086045734
volume_zscore_60,0.0010496163941183616,0.0006927793359906584
day_cos,0.000749765707239262,0.0004334778172110351
BNBUSDT_return_1m,0.0007317969488477479,0.0006700767170361225
return_1m,0.0007247168428443085,0.0005481355143718332
return_5m,0.0006503437099900644,5.174853088476108e-05
rolling_return_mean_60,0.0006012101071479758,0.0006098954575343004
symbol_BTCUSDT,0.0005433290020448456,0.00017028593105757322
return_5m_lag_3,0.00048663838562834627,0.00016576577975244006
close_position_in_range,0.0004817527701931705,5.1596579221038556e-05
XRPUSDT_return_5m,0.00039998585977302215,0.0002997215096090694
macd,0.00038951908124490453,0.00018396780543032982
rolling_return_std_30,0.0003827167436942225,0.0003852475164582957
market_return_5m,0.0003661525928520537,0.00023450579971850372
price_vs_ema_20,0.00035258367298685034,0.0003720755977713366
rolling_return_mean_5,0.000313017731466451,0.00012101030191820308
volume_change_5m,0.00030998771953003973,0.00011451525587080121
BTCUSDT_return_1m,0.0003068059026943108,0.00033948516530518343
market_return_1m,0.00028464981257679084,0.0001279247919887095
price_vs_sma_20,0.0002697503109977406,0.0002585643772393752
return_5m_lag_2,0.00024377523674382987,0.0002724866370489159
SOLUSDT_return_1m,0.00018025578451922689,8.161309380243734e-05
rolling_return_mean_15,0.0001771703105007035,8.069240425376033e-05
return_5m_lag_1,0.00016397258617945054,8.762309520624488e-05
return_1m_lag_5,0.00015134433226169733,0.0001371593417657721
lower_shadow,0.00011423292701887948,0.0013633154852627518
symbol_XRPUSDT,8.167275708180026e-05,0.00015203091523816614
XRPUSDT_return_1m,7.276337872356524e-05,0.0005401199822176985
BNBUSDT_return_5m,6.967110694899858e-05,0.00026522143450474165
return_1m_lag_2,5.1171544941774894e-05,2.0315263225328217e-05
ETHUSDT_return_5m,9.000359399861472e-06,0.00017591779779560827
symbol_ETHUSDT,1.6666377506043457e-06,2.6705706845537325e-05
return_1m_lag_3,-1.0892017322072789e-05,4.080600245943866e-05
return_1m_lag_1,-1.204026753211703e-05,0.0004079043222933379
BTCUSDT_return_5m,-1.4986355816537511e-05,0.00012017835246609231
return_5m_lag_6,-1.5729936749161084e-05,0.0004176670262454424
symbol_SOLUSDT,-1.829511316331356e-05,1.5688829996267434e-05
rolling_return_std_5,-4.831791986820155e-05,8.929630271127675e-05
candle_range,-5.397733765608962e-05,0.00036891347266220734
return_5m_lag_12,-5.671889003842449e-05,0.00039927229073479344
body_size,-6.706555190979142e-05,1.817046739640712e-05
return_15m,-7.8555199294561e-05,0.0001875342424089473
return_1m_lag_60,-8.559757310971916e-05,0.0004084110475794053
rsi_14,-9.096383443933191e-05,0.00014847636095318933
return_30m,-0.00014179083779538212,0.0002630691040489657
return_1m_lag_15,-0.0001513430932101878,0.00021813010882186686
ETHUSDT_return_1m,-0.00017903611104909864,0.00040036569124055527
rolling_return_mean_30,-0.00019872840872398045,0.0001782771530399283
return_1m_lag_30,-0.0002148704018207955,1.9477996282457842e-05
return_1m_lag_10,-0.0002225903046733646,0.0001360749548067807
macd_histogram,-0.0002558411337071724,0.00032238122426695196
symbol_BNBUSDT,-0.00034752884415822916,0.000207506870177813
macd_signal,-0.0006844812406605801,0.0004376577565293206
price_vs_sma_50,-0.0007032824264768811,0.0003702242573531917
