feature,gain_importance,split_importance,gain_importance_pct,split_importance_pct
rolling_return_std_15,374339.98220539093,2980,23.35857556662731,11.037037037037036
atr_14_pct,168004.5317773819,1787,10.48337537427307,6.618518518518518
rolling_return_std_60,154400.98942232132,1413,9.634523028332232,5.233333333333333
time_cos,102207.28693246841,2607,6.377669361436546,9.655555555555557
time_sin,100075.49825000763,2569,6.244647110545857,9.514814814814814
volatility_15m,79803.94723415375,586,4.979715287161953,2.1703703703703705
market_volatility_15m,64313.315577983856,1571,4.013109775285582,5.818518518518519
price_vs_sma_50,44624.32203960419,478,2.7845291660554974,1.7703703703703704
volatility_60m,43027.92591762543,388,2.6849150686517853,1.4370370370370371
volume_ratio,41152.96140766144,293,2.5679184819321006,1.0851851851851853
day_sin,38460.41199493408,884,2.3999051199782566,3.2740740740740746
rolling_return_mean_60,26136.734309196472,753,1.6309155111602562,2.788888888888889
bollinger_position,26021.774664878845,262,1.6237421028508214,0.9703703703703704
volume_zscore_60,24536.772245407104,327,1.5310789012673398,1.211111111111111
price_vs_ema_20,21825.48728466034,238,1.3618964530950926,0.8814814814814815
BNBUSDT_return_5m,18797.556036949158,691,1.1729554790545291,2.5592592592592593
BTCUSDT_return_5m,16277.24942779541,566,1.0156899579254313,2.0962962962962965
rsi_14,15918.263606071472,299,0.9932894721566268,1.1074074074074074
SOLUSDT_return_5m,15085.549990653992,541,0.9413286749249371,2.0037037037037035
day_cos,14935.887037277222,463,0.9319898023167267,1.7148148148148148
ETHUSDT_return_5m,14665.6499710083,537,0.9151271821494724,1.988888888888889
XRPUSDT_return_5m,13816.260166168213,522,0.8621258013592311,1.9333333333333333
macd,12853.760423660278,175,0.8020664327719471,0.6481481481481481
macd_signal,11714.005212783813,246,0.73094643628141,0.9111111111111112
XRPUSDT_return_1m,10943.58084487915,402,0.6828724482717664,1.488888888888889
market_return_5m,9570.73000049591,346,0.5972074332730768,1.2814814814814814
return_30m,9148.73138141632,284,0.570874989234613,1.0518518518518518
BNBUSDT_return_1m,8298.55108165741,362,0.5178242820668164,1.3407407407407408
rolling_return_std_30,8258.195379257202,276,0.515306112037246,1.0222222222222224
rolling_return_mean_30,7386.228219032288,206,0.4608959187051435,0.762962962962963
SOLUSDT_return_1m,7239.1416015625,285,0.4517178078104261,1.0555555555555556
return_5m_lag_12,7235.564064979553,289,0.4514945718148405,1.0703703703703704
rolling_return_std_5,6457.099534988403,202,0.4029188828312355,0.7481481481481481
ETHUSDT_return_1m,6274.452877998352,257,0.39152184820469343,0.9518518518518518
macd_histogram,6132.120596885681,227,0.3826404048591183,0.8407407407407407
BTCUSDT_return_1m,6088.514313697815,269,0.3799194006665588,0.9962962962962963
lower_shadow,5847.470888137817,132,0.3648784450154667,0.4888888888888889
return_1m_lag_60,5652.053584098816,220,0.3526845301775986,0.8148148148148148
market_return_1m,5089.968863487244,200,0.31761080296336747,0.7407407407407408
return_5m_lag_6,4904.1352553367615,217,0.30601490462189573,0.8037037037037037
price_vs_sma_20,4042.803406715393,131,0.2522683479344886,0.4851851851851852
upper_shadow,3912.4268407821655,111,0.2441329335725845,0.41111111111111115
return_15m,3045.8169536590576,120,0.1900570306570237,0.4444444444444444
symbol_BNBUSDT,2779.056287765503,69,0.17341133565066036,0.2555555555555556
return_5m_lag_3,2777.105010986328,131,0.17328957722712987,0.4851851851851852
rolling_return_mean_15,2739.22146320343,96,0.17092566806518192,0.35555555555555557
candle_range,2426.315896987915,76,0.15140056078007996,0.28148148148148144
rolling_return_mean_5,2421.822934150696,51,0.1511202027714779,0.18888888888888888
return_1m_lag_30,2291.793917655945,119,0.14300647527233948,0.44074074074074077
symbol_BTCUSDT,2233.1170015335083,52,0.13934507321961787,0.1925925925925926
return_5m,2067.913505554199,51,0.1290364806883867,0.18888888888888888
return_1m_lag_15,2001.76908826828,93,0.12490911133718566,0.34444444444444444
return_5m_lag_1,1965.9034385681152,63,0.12267111772551789,0.23333333333333336
return_5m_lag_2,1715.8735523223877,72,0.1070694126728591,0.26666666666666666
return_1m_lag_1,1680.7588920593262,74,0.10487828032194413,0.2740740740740741
return_1m_lag_5,1534.0378618240356,82,0.09572298183693209,0.3037037037037037
return_1m,1474.0752658843994,59,0.09198135418557789,0.2185185185185185
return_1m_lag_10,1217.0767693519592,66,0.07594481230619923,0.24444444444444444
close_position_in_range,1009.8256978988647,47,0.06301247794725438,0.17407407407407408
volume_change_5m,404.90890979766846,24,0.02526605710506259,0.08888888888888889
symbol_XRPUSDT,401.90900230407715,11,0.025078864795362962,0.04074074074074074
return_1m_lag_3,365.95000076293945,22,0.02283504608850019,0.08148148148148147
return_1m_lag_2,348.1637992858887,20,0.021725198487404253,0.07407407407407407
body_size,79.92950057983398,5,0.0049875497356636515,0.018518518518518517
symbol_ETHUSDT,77.63209915161133,3,0.004844193355316942,0.011111111111111112
symbol_SOLUSDT,42.653099060058594,2,0.002661526112373873,0.007407407407407408
