experiment,class,precision,recall,f1,support
A_all_features,DOWN,0.34172655626150056,0.3409659735513428,0.341345841226629,115469
A_all_features,NEUTRAL,0.5096278039908269,0.469374006142193,0.48867334365422893,164762
A_all_features,UP,0.3324494661389691,0.3712111894009945,0.3507627171409003,113822
B_no_volatility,DOWN,0.3304573512906846,0.3671894621067126,0.34785640739540474,115469
B_no_volatility,NEUTRAL,0.4987900308521343,0.36404025199985435,0.4208930820699407,164762
B_no_volatility,UP,0.3199287962721137,0.4089631178506791,0.3590081752275181,113822
C_no_time,DOWN,0.3388277890925549,0.32417358771618354,0.3313387388025351,115469
C_no_time,NEUTRAL,0.5055260717230008,0.4763841176970418,0.4905226450350909,164762
C_no_time,UP,0.3324422900073258,0.3747693767461475,0.35233918128654973,113822
D_no_volatility_no_time,DOWN,0.3276380569971926,0.34061089989521,0.3339985563245722,115469
D_no_volatility_no_time,NEUTRAL,0.49163941112026294,0.3731442929801775,0.42427358331061754,164762
D_no_volatility_no_time,UP,0.32007035398527134,0.41888211417827836,0.36286974423764096,113822
