model,task,target,trial,state,objective,rmse,mlflow_run_id
CatBoost,regression,future_return_5m,0,COMPLETE,0.0014253717586990206,0.0014253717586990206,70863c61f11c4cbfb51ba06b7b7654c4
CatBoost,regression,future_return_5m,1,COMPLETE,0.001425320059165464,0.001425320059165464,f59a8d26fef647469ca271a623966728
CatBoost,regression,future_return_5m,2,COMPLETE,0.0014252770761070826,0.0014252770761070826,9bd3dca7361747248c6ec9670aca9687
CatBoost,regression,future_return_5m,3,COMPLETE,0.0014253421594345344,0.0014253421594345344,55598d8f6c0541469da8ce146ec84418
CatBoost,regression,future_return_5m,4,COMPLETE,0.0014252657471342741,0.0014252657471342741,aa96b7d915f4490793e8acf49b0f8202
CatBoost,regression,future_return_5m,5,COMPLETE,0.0014252217909088984,0.0014252217909088984,6bfe72d1160b485c8f6153fcd4e11382
CatBoost,regression,future_return_5m,6,COMPLETE,0.001425305107083382,0.001425305107083382,d2379b266b594acdab216998004969ed
CatBoost,regression,future_return_5m,7,COMPLETE,0.0014252693793861495,0.0014252693793861495,3e574fbd6a7b41abb372819509e4fb8b
CatBoost,regression,future_return_5m,8,COMPLETE,0.0014253387090620887,0.0014253387090620887,f28be0bd9e97400bb66cd0dda71e4abc
CatBoost,regression,future_return_5m,9,COMPLETE,0.0014252673055113153,0.0014252673055113153,00a81898173b4a4ab1f07ec0c0a64181
CatBoost,regression,future_return_5m,10,COMPLETE,0.001425169012927465,0.001425169012927465,fc00229992b042d3b289456bb760d082
CatBoost,regression,future_return_5m,11,COMPLETE,0.0014252633321386887,0.0014252633321386887,20d26f97a90248ffa81711bbdbde62b8
CatBoost,regression,future_return_5m,12,COMPLETE,0.0014252930622896196,0.0014252930622896196,85640f7ad9d24bdfa5a4f6cbe44b3647
CatBoost,regression,future_return_5m,13,COMPLETE,0.0014252810656969726,0.0014252810656969726,455e3ace1fd64f1f8980a9297c99cf79
CatBoost,regression,future_return_5m,14,COMPLETE,0.001425210543728859,0.001425210543728859,691d3a3169684f1b91a1bd5448cce1b7
CatBoost,regression,future_return_5m,15,COMPLETE,0.00142526537282609,0.00142526537282609,bbe1dbfbde4946c6ab73ffe3b7e94c4b
CatBoost,regression,future_return_5m,16,COMPLETE,0.0014253310578974416,0.0014253310578974416,92c965fe03484a64a5063ae9c8e3f406
CatBoost,regression,future_return_5m,17,COMPLETE,0.0014252976676647072,0.0014252976676647072,3a00b4630e0f4f66a48bd1449326cf42
CatBoost,regression,future_return_5m,18,COMPLETE,0.0014252749929178792,0.0014252749929178792,c7b787744d2a494c9490bd71faea7f85
CatBoost,regression,future_return_5m,19,COMPLETE,0.0014252484017891359,0.0014252484017891359,bbdde850ed0245ef8148d4b5e2390781
LightGBM,classification,target_direction_5m,0,COMPLETE,0.618636566826553,,05a0bda95e794fb4926959828c362ae3
LightGBM,classification,target_direction_5m,1,COMPLETE,0.6093412892026469,,6ad3b0372a774b43bf696571aae30f63
LightGBM,classification,target_direction_5m,2,COMPLETE,0.609540807421596,,9e5be07dfd4f4d5e910633ee365c65d3
LightGBM,classification,target_direction_5m,3,COMPLETE,0.6095784117485878,,1ccc8ea4b46f400498ba5a3a112c51d5
LightGBM,classification,target_direction_5m,4,COMPLETE,0.6086038852063629,,b771151f9bef44469471092630059d28
LightGBM,classification,target_direction_5m,5,COMPLETE,0.6106474486790765,,196fa37a70cf408dac1a4119124fca00
LightGBM,classification,target_direction_5m,6,COMPLETE,0.6125744869941885,,242c0f9749b645c1a94585f1e8fffabc
LightGBM,classification,target_direction_5m,7,COMPLETE,0.6099442130952346,,12c05f919eb04ad997c1e2da89772864
LightGBM,classification,target_direction_5m,8,COMPLETE,0.6133435596467749,,e77356b7950440889736ea56b39954b2
LightGBM,classification,target_direction_5m,9,COMPLETE,0.6089503236753633,,2ae034a0acf84dcba99d1a708795b06c
LightGBM,classification,target_direction_5m,10,COMPLETE,0.6093089908094151,,62c15a00adf74a59810df50716773ae1
LightGBM,classification,target_direction_5m,11,COMPLETE,0.6089831973386663,,f35f8a9052564aaebf9c0ac6752de4cb
LightGBM,classification,target_direction_5m,12,COMPLETE,0.609186690567082,,94241312807b4958bb9a74c0423bca3d
LightGBM,classification,target_direction_5m,13,COMPLETE,0.6095950774523164,,d8760912bedc4eb4b12b64c8077587e3
LightGBM,classification,target_direction_5m,14,COMPLETE,0.6099067423132525,,041f8a936bd54789bf668e120b01679d
LightGBM,classification,target_direction_5m,15,COMPLETE,0.6092755431014873,,62125336ad7048f78cc6d0919644a86c
LightGBM,classification,target_direction_5m,16,COMPLETE,0.6098060148584477,,ea0f69a34fba41589384ca414ff376dd
LightGBM,classification,target_direction_5m,17,COMPLETE,0.6081163419100348,,a36e1d8fe4914cb1a00806f726122a63
LightGBM,classification,target_direction_5m,18,COMPLETE,0.6079933297445714,,54f609e5034f4dba96898765be8b0abf
LightGBM,classification,target_direction_5m,19,COMPLETE,0.6083732299718161,,3e15fc4831c8488e95338f1354665d65
