symbol,feature,feature_index,target_correlation,absolute_correlation
BTCUSDT,return_1m,0,-0.01584659696206132,0.01584659696206132
BTCUSDT,return_5m,1,-0.025713484471432263,0.025713484471432263
BTCUSDT,return_15m,2,-0.005279395971519936,0.005279395971519936
BTCUSDT,return_30m,3,0.0001831936350715584,0.0001831936350715584
BTCUSDT,return_1m_lag_1,4,-0.009755543902083209,0.009755543902083209
BTCUSDT,return_1m_lag_2,5,-0.011096804468692073,0.011096804468692073
BTCUSDT,return_1m_lag_3,6,-0.013038896419669509,0.013038896419669509
BTCUSDT,return_1m_lag_5,7,0.0001785176036794744,0.0001785176036794744
BTCUSDT,return_1m_lag_10,8,0.005710579254884083,0.005710579254884083
BTCUSDT,return_1m_lag_15,9,0.0012673912478141612,0.0012673912478141612
BTCUSDT,return_1m_lag_30,10,-0.0024790232556601566,0.0024790232556601566
BTCUSDT,return_1m_lag_60,11,-0.0050600658763380645,0.0050600658763380645
BTCUSDT,return_5m_lag_1,12,-0.0183828737761155,0.0183828737761155
BTCUSDT,return_5m_lag_2,13,-0.01145434348923133,0.01145434348923133
BTCUSDT,return_5m_lag_3,14,-0.0005150196917658783,0.0005150196917658783
BTCUSDT,return_5m_lag_6,15,0.024820983787495112,0.024820983787495112
BTCUSDT,return_5m_lag_12,16,-0.009316775900555026,0.009316775900555026
BTCUSDT,rolling_return_mean_5,17,-0.025684191214200902,0.025684191214200902
BTCUSDT,rolling_return_std_5,18,0.0030847722521727483,0.0030847722521727483
BTCUSDT,rolling_return_mean_15,19,-0.005151137983987616,0.005151137983987616
BTCUSDT,rolling_return_std_15,20,0.008293951245425507,0.008293951245425507
BTCUSDT,rolling_return_mean_30,21,8.705457302586138e-05,8.705457302586138e-05
BTCUSDT,rolling_return_std_30,22,0.004393346130440807,0.004393346130440807
BTCUSDT,rolling_return_mean_60,23,-0.01146248764764383,0.01146248764764383
BTCUSDT,rolling_return_std_60,24,0.004199233750637492,0.004199233750637492
BTCUSDT,volatility_15m,25,0.008293951245425507,0.008293951245425507
BTCUSDT,volatility_60m,26,0.004199233750637492,0.004199233750637492
BTCUSDT,volume_change_5m,27,-0.00342577664961674,0.00342577664961674
BTCUSDT,volume_ratio,28,0.0005006393213751672,0.0005006393213751672
BTCUSDT,volume_zscore_60,29,0.0016853850406480767,0.0016853850406480767
BTCUSDT,rsi_14,30,-0.007177530104716379,0.007177530104716379
BTCUSDT,macd,31,9.052090030883961e-05,9.052090030883961e-05
BTCUSDT,macd_signal,32,0.0011974190945225826,0.0011974190945225826
BTCUSDT,macd_histogram,33,-0.003497648080842365,0.003497648080842365
BTCUSDT,candle_range,34,0.001326250097904557,0.001326250097904557
BTCUSDT,body_size,35,-0.00394770320157488,0.00394770320157488
BTCUSDT,upper_shadow,36,-0.007154141771297371,0.007154141771297371
BTCUSDT,lower_shadow,37,0.020207524344678506,0.020207524344678506
BTCUSDT,close_position_in_range,38,0.00475697076681831,0.00475697076681831
BTCUSDT,atr_14_pct,39,0.010668143503464443,0.010668143503464443
BTCUSDT,price_vs_sma_20,40,-0.009530024001046453,0.009530024001046453
BTCUSDT,price_vs_sma_50,41,-0.007770118041120067,0.007770118041120067
BTCUSDT,price_vs_ema_20,42,-0.012100147051659205,0.012100147051659205
BTCUSDT,bollinger_position,43,-0.015573009866189737,0.015573009866189737
BTCUSDT,time_sin,44,-0.0067493205334100545,0.0067493205334100545
BTCUSDT,time_cos,45,7.763970668441954e-05,7.763970668441954e-05
BTCUSDT,day_sin,46,-0.008007914347973908,0.008007914347973908
BTCUSDT,day_cos,47,0.00036499987967105434,0.00036499987967105434
BTCUSDT,BNBUSDT_return_1m,48,-0.005936308584891853,0.005936308584891853
BTCUSDT,BTCUSDT_return_1m,49,-0.015846597346991287,0.015846597346991287
BTCUSDT,ETHUSDT_return_1m,50,-0.005633031400032372,0.005633031400032372
BTCUSDT,SOLUSDT_return_1m,51,-0.007238112363318208,0.007238112363318208
BTCUSDT,XRPUSDT_return_1m,52,-0.0070781063795461,0.0070781063795461
BTCUSDT,BNBUSDT_return_5m,53,-0.01771918794642145,0.01771918794642145
BTCUSDT,BTCUSDT_return_5m,54,-0.025713483992638543,0.025713483992638543
BTCUSDT,ETHUSDT_return_5m,55,-0.024011219044338977,0.024011219044338977
BTCUSDT,SOLUSDT_return_5m,56,-0.023044308056168066,0.023044308056168066
BTCUSDT,XRPUSDT_return_5m,57,-0.0183740108551748,0.0183740108551748
BTCUSDT,market_return_1m,58,-0.008823657154315297,0.008823657154315297
BTCUSDT,market_return_5m,59,-0.023725958803268905,0.023725958803268905
BTCUSDT,market_volatility_15m,60,0.011566347999679134,0.011566347999679134
ETHUSDT,return_1m,0,-0.009795332492046257,0.009795332492046257
ETHUSDT,return_5m,1,-0.018575646030793914,0.018575646030793914
ETHUSDT,return_15m,2,-0.0030687626607123685,0.0030687626607123685
ETHUSDT,return_30m,3,0.00697645061016364,0.00697645061016364
ETHUSDT,return_1m_lag_1,4,-0.005710859725772381,0.005710859725772381
ETHUSDT,return_1m_lag_2,5,-0.00847282138214771,0.00847282138214771
ETHUSDT,return_1m_lag_3,6,-0.010452702053111896,0.010452702053111896
ETHUSDT,return_1m_lag_5,7,-0.0024432521270575168,0.0024432521270575168
ETHUSDT,return_1m_lag_10,8,0.0044297064429865375,0.0044297064429865375
ETHUSDT,return_1m_lag_15,9,0.0044040291208894515,0.0044040291208894515
ETHUSDT,return_1m_lag_30,10,-0.0021530916046409083,0.0021530916046409083
ETHUSDT,return_1m_lag_60,11,-0.007003945219154022,0.007003945219154022
ETHUSDT,return_5m_lag_1,12,-0.01523867871655488,0.01523867871655488
ETHUSDT,return_5m_lag_2,13,-0.012449154434777813,0.012449154434777813
ETHUSDT,return_5m_lag_3,14,-0.0039556819093527155,0.0039556819093527155
ETHUSDT,return_5m_lag_6,15,0.01700931021813799,0.01700931021813799
ETHUSDT,return_5m_lag_12,16,-0.0004946094118890464,0.0004946094118890464
ETHUSDT,rolling_return_mean_5,17,-0.018560884313016716,0.018560884313016716
ETHUSDT,rolling_return_std_5,18,0.006222743558609328,0.006222743558609328
ETHUSDT,rolling_return_mean_15,19,-0.002965285977565408,0.002965285977565408
ETHUSDT,rolling_return_std_15,20,0.00932011524270641,0.00932011524270641
ETHUSDT,rolling_return_mean_30,21,0.006854251859690848,0.006854251859690848
ETHUSDT,rolling_return_std_30,22,0.0009686367139322418,0.0009686367139322418
ETHUSDT,rolling_return_mean_60,23,-0.006632260822960419,0.006632260822960419
ETHUSDT,rolling_return_std_60,24,0.00022631617681193923,0.00022631617681193923
ETHUSDT,volatility_15m,25,0.00932011524270641,0.00932011524270641
ETHUSDT,volatility_60m,26,0.00022631617681193923,0.00022631617681193923
ETHUSDT,volume_change_5m,27,-0.0061996730988274195,0.0061996730988274195
ETHUSDT,volume_ratio,28,-0.0010532517469249005,0.0010532517469249005
ETHUSDT,volume_zscore_60,29,0.0032390785383855543,0.0032390785383855543
ETHUSDT,rsi_14,30,-0.005730875773294873,0.005730875773294873
ETHUSDT,macd,31,0.004797656628710845,0.004797656628710845
ETHUSDT,macd_signal,32,0.007315968503979198,0.007315968503979198
ETHUSDT,macd_histogram,33,-0.007157132761026476,0.007157132761026476
ETHUSDT,candle_range,34,0.0022271208990738956,0.0022271208990738956
ETHUSDT,body_size,35,0.0024023139855245085,0.0024023139855245085
ETHUSDT,upper_shadow,36,-0.0028660228456234456,0.0028660228456234456
ETHUSDT,lower_shadow,37,0.004131779712018814,0.004131779712018814
ETHUSDT,close_position_in_range,38,-0.0003922976206534001,0.0003922976206534001
ETHUSDT,atr_14_pct,39,0.011466347000169446,0.011466347000169446
ETHUSDT,price_vs_sma_20,40,-0.006479155471833223,0.006479155471833223
ETHUSDT,price_vs_sma_50,41,0.00014499110267567568,0.00014499110267567568
ETHUSDT,price_vs_ema_20,42,-0.006747314339506039,0.006747314339506039
ETHUSDT,bollinger_position,43,-0.016262188823209935,0.016262188823209935
ETHUSDT,time_sin,44,-0.006768481376540962,0.006768481376540962
ETHUSDT,time_cos,45,-0.008917808664463223,0.008917808664463223
ETHUSDT,day_sin,46,-0.008269287507471586,0.008269287507471586
ETHUSDT,day_cos,47,0.006816060903855359,0.006816060903855359
ETHUSDT,BNBUSDT_return_1m,48,-0.003333933824292361,0.003333933824292361
ETHUSDT,BTCUSDT_return_1m,49,-0.008496196892852956,0.008496196892852956
ETHUSDT,ETHUSDT_return_1m,50,-0.009795332525439501,0.009795332525439501
ETHUSDT,SOLUSDT_return_1m,51,-0.004363423805417826,0.004363423805417826
ETHUSDT,XRPUSDT_return_1m,52,-0.00512043195789317,0.00512043195789317
ETHUSDT,BNBUSDT_return_5m,53,-0.009196068599071502,0.009196068599071502
ETHUSDT,BTCUSDT_return_5m,54,-0.012674201555262016,0.012674201555262016
ETHUSDT,ETHUSDT_return_5m,55,-0.01857564618220717,0.01857564618220717
ETHUSDT,SOLUSDT_return_5m,56,-0.012028155054908682,0.012028155054908682
ETHUSDT,XRPUSDT_return_5m,57,-0.01029284265973707,0.01029284265973707
ETHUSDT,market_return_1m,58,-0.0068145345762130344,0.0068145345762130344
ETHUSDT,market_return_5m,59,-0.013842381024274746,0.013842381024274746
ETHUSDT,market_volatility_15m,60,0.014023053418651685,0.014023053418651685
SOLUSDT,return_1m,0,-0.016772183567160506,0.016772183567160506
SOLUSDT,return_5m,1,-0.02540262534049968,0.02540262534049968
SOLUSDT,return_15m,2,-0.012307951833719034,0.012307951833719034
SOLUSDT,return_30m,3,0.0019663963439315465,0.0019663963439315465
SOLUSDT,return_1m_lag_1,4,-0.007542038063998694,0.007542038063998694
SOLUSDT,return_1m_lag_2,5,-0.011725559883637762,0.011725559883637762
SOLUSDT,return_1m_lag_3,6,-0.009861456150631906,0.009861456150631906
SOLUSDT,return_1m_lag_5,7,-0.0017692903410742925,0.0017692903410742925
SOLUSDT,return_1m_lag_10,8,0.00040175085757215693,0.00040175085757215693
SOLUSDT,return_1m_lag_15,9,0.002135333405227067,0.002135333405227067
SOLUSDT,return_1m_lag_30,10,-0.0010663143729808637,0.0010663143729808637
SOLUSDT,return_1m_lag_60,11,-0.009662794442796874,0.009662794442796874
SOLUSDT,return_5m_lag_1,12,-0.018519505964427672,0.018519505964427672
SOLUSDT,return_5m_lag_2,13,-0.013416677970160064,0.013416677970160064
SOLUSDT,return_5m_lag_3,14,-0.0025920766601208777,0.0025920766601208777
SOLUSDT,return_5m_lag_6,15,0.016334841466926073,0.016334841466926073
SOLUSDT,return_5m_lag_12,16,-0.009016812406137739,0.009016812406137739
SOLUSDT,rolling_return_mean_5,17,-0.025378423968407855,0.025378423968407855
SOLUSDT,rolling_return_std_5,18,0.01877214105140821,0.01877214105140821
SOLUSDT,rolling_return_mean_15,19,-0.012191035548006388,0.012191035548006388
SOLUSDT,rolling_return_std_15,20,0.024746213429702412,0.024746213429702412
SOLUSDT,rolling_return_mean_30,21,0.0018863545373906004,0.0018863545373906004
SOLUSDT,rolling_return_std_30,22,0.01943733674927733,0.01943733674927733
SOLUSDT,rolling_return_mean_60,23,-0.010339639085109638,0.010339639085109638
SOLUSDT,rolling_return_std_60,24,0.015727505184854943,0.015727505184854943
SOLUSDT,volatility_15m,25,0.024746213429702412,0.024746213429702412
SOLUSDT,volatility_60m,26,0.015727505184854943,0.015727505184854943
SOLUSDT,volume_change_5m,27,0.00417945649498715,0.00417945649498715
SOLUSDT,volume_ratio,28,0.0033850432351128046,0.0033850432351128046
SOLUSDT,volume_zscore_60,29,0.006965130511089956,0.006965130511089956
SOLUSDT,rsi_14,30,-0.0056246344485205374,0.0056246344485205374
SOLUSDT,macd,31,-0.001627580891751849,0.001627580891751849
SOLUSDT,macd_signal,32,0.002245562738569222,0.002245562738569222
SOLUSDT,macd_histogram,33,-0.012604098567809443,0.012604098567809443
SOLUSDT,candle_range,34,0.01494356354615111,0.01494356354615111
SOLUSDT,body_size,35,0.011562913265319606,0.011562913265319606
SOLUSDT,upper_shadow,36,0.003734789276411529,0.003734789276411529
SOLUSDT,lower_shadow,37,0.012375427283782768,0.012375427283782768
SOLUSDT,close_position_in_range,38,-0.008312780710089444,0.008312780710089444
SOLUSDT,atr_14_pct,39,0.025497053461761912,0.025497053461761912
SOLUSDT,price_vs_sma_20,40,-0.014720651427269736,0.014720651427269736
SOLUSDT,price_vs_sma_50,41,-0.00673732710669774,0.00673732710669774
SOLUSDT,price_vs_ema_20,42,-0.014751932409938277,0.014751932409938277
SOLUSDT,bollinger_position,43,-0.012309839661990979,0.012309839661990979
SOLUSDT,time_sin,44,-0.0033922858616755058,0.0033922858616755058
SOLUSDT,time_cos,45,-0.0033692712715619314,0.0033692712715619314
SOLUSDT,day_sin,46,-0.010102661593867655,0.010102661593867655
SOLUSDT,day_cos,47,0.0032108860969758592,0.0032108860969758592
SOLUSDT,BNBUSDT_return_1m,48,-0.006696702553555492,0.006696702553555492
SOLUSDT,BTCUSDT_return_1m,49,-0.008577005837285531,0.008577005837285531
SOLUSDT,ETHUSDT_return_1m,50,-0.006831609825710751,0.006831609825710751
SOLUSDT,SOLUSDT_return_1m,51,-0.016772183528861978,0.016772183528861978
SOLUSDT,XRPUSDT_return_1m,52,-0.009989198881551354,0.009989198881551354
SOLUSDT,BNBUSDT_return_5m,53,-0.013129446883398737,0.013129446883398737
SOLUSDT,BTCUSDT_return_5m,54,-0.014421333175573266,0.014421333175573266
SOLUSDT,ETHUSDT_return_5m,55,-0.020663281849415367,0.020663281849415367
SOLUSDT,SOLUSDT_return_5m,56,-0.025402625532216856,0.025402625532216856
SOLUSDT,XRPUSDT_return_5m,57,-0.021515427744062413,0.021515427744062413
SOLUSDT,market_return_1m,58,-0.011210298297703302,0.011210298297703302
SOLUSDT,market_return_5m,59,-0.021473482422737347,0.021473482422737347
SOLUSDT,market_volatility_15m,60,0.024773774366301612,0.024773774366301612
BNBUSDT,return_1m,0,-0.010442135549879196,0.010442135549879196
BNBUSDT,return_5m,1,-0.014328024667177577,0.014328024667177577
BNBUSDT,return_15m,2,-0.016440500217396195,0.016440500217396195
BNBUSDT,return_30m,3,-0.018347181730568814,0.018347181730568814
BNBUSDT,return_1m_lag_1,4,-0.0024127003163434886,0.0024127003163434886
BNBUSDT,return_1m_lag_2,5,-0.0061949053351032235,0.0061949053351032235
BNBUSDT,return_1m_lag_3,6,-0.008112393740867058,0.008112393740867058
BNBUSDT,return_1m_lag_5,7,0.0003757816443849754,0.0003757816443849754
BNBUSDT,return_1m_lag_10,8,-0.0014222835681071632,0.0014222835681071632
BNBUSDT,return_1m_lag_15,9,-0.0077372121407578275,0.0077372121407578275
BNBUSDT,return_1m_lag_30,10,-0.007203010436676026,0.007203010436676026
BNBUSDT,return_1m_lag_60,11,-0.0058086499229997365,0.0058086499229997365
BNBUSDT,return_5m_lag_1,12,-0.009434028234084721,0.009434028234084721
BNBUSDT,return_5m_lag_2,13,-0.007482776353819538,0.007482776353819538
BNBUSDT,return_5m_lag_3,14,-0.0022898089263065895,0.0022898089263065895
BNBUSDT,return_5m_lag_6,15,0.006193405617680012,0.006193405617680012
BNBUSDT,return_5m_lag_12,16,-0.023538369862133125,0.023538369862133125
BNBUSDT,rolling_return_mean_5,17,-0.014317692068015406,0.014317692068015406
BNBUSDT,rolling_return_std_5,18,0.00821368447262201,0.00821368447262201
BNBUSDT,rolling_return_mean_15,19,-0.016328125546173803,0.016328125546173803
BNBUSDT,rolling_return_std_15,20,0.01454454990767221,0.01454454990767221
BNBUSDT,rolling_return_mean_30,21,-0.018497322398972813,0.018497322398972813
BNBUSDT,rolling_return_std_30,22,0.004987593254891814,0.004987593254891814
BNBUSDT,rolling_return_mean_60,23,-0.015317883904626593,0.015317883904626593
BNBUSDT,rolling_return_std_60,24,0.0013313820554463763,0.0013313820554463763
BNBUSDT,volatility_15m,25,0.01454454990767221,0.01454454990767221
BNBUSDT,volatility_60m,26,0.0013313820554463763,0.0013313820554463763
BNBUSDT,volume_change_5m,27,-0.00026207211430811974,0.00026207211430811974
BNBUSDT,volume_ratio,28,0.0023280745717439814,0.0023280745717439814
BNBUSDT,volume_zscore_60,29,-0.002159026640518039,0.002159026640518039
BNBUSDT,rsi_14,30,-0.007670216245917922,0.007670216245917922
BNBUSDT,macd,31,-0.017094079367580565,0.017094079367580565
BNBUSDT,macd_signal,32,-0.017235208819441915,0.017235208819441915
BNBUSDT,macd_histogram,33,-0.002907536961718853,0.002907536961718853
BNBUSDT,candle_range,34,0.004025017958248738,0.004025017958248738
BNBUSDT,body_size,35,0.0010729138066396646,0.0010729138066396646
BNBUSDT,upper_shadow,36,-0.0066833057700272916,0.0066833057700272916
BNBUSDT,lower_shadow,37,0.015988735396681147,0.015988735396681147
BNBUSDT,close_position_in_range,38,0.004740882397561381,0.004740882397561381
BNBUSDT,atr_14_pct,39,0.010553090728124723,0.010553090728124723
BNBUSDT,price_vs_sma_20,40,-0.014579048224652707,0.014579048224652707
BNBUSDT,price_vs_sma_50,41,-0.01937932850418421,0.01937932850418421
BNBUSDT,price_vs_ema_20,42,-0.01662572927053773,0.01662572927053773
BNBUSDT,bollinger_position,43,-0.015833905028700943,0.015833905028700943
BNBUSDT,time_sin,44,-0.005586477906748107,0.005586477906748107
BNBUSDT,time_cos,45,-0.00849466239895766,0.00849466239895766
BNBUSDT,day_sin,46,-0.0096876430103403,0.0096876430103403
BNBUSDT,day_cos,47,-0.0021018729502144417,0.0021018729502144417
BNBUSDT,BNBUSDT_return_1m,48,-0.010442135940161586,0.010442135940161586
BNBUSDT,BTCUSDT_return_1m,49,-0.00307640782310696,0.00307640782310696
BNBUSDT,ETHUSDT_return_1m,50,-0.0014607027736224132,0.0014607027736224132
BNBUSDT,SOLUSDT_return_1m,51,-0.0015288674089074582,0.0015288674089074582
BNBUSDT,XRPUSDT_return_1m,52,-0.0021135639323656974,0.0021135639323656974
BNBUSDT,BNBUSDT_return_5m,53,-0.014328024455557526,0.014328024455557526
BNBUSDT,BTCUSDT_return_5m,54,-0.007162461750816269,0.007162461750816269
BNBUSDT,ETHUSDT_return_5m,55,-0.014032570054571487,0.014032570054571487
BNBUSDT,SOLUSDT_return_5m,56,-0.007547133906342561,0.007547133906342561
BNBUSDT,XRPUSDT_return_5m,57,-0.008475320545346839,0.008475320545346839
BNBUSDT,market_return_1m,58,-0.0035639215350844384,0.0035639215350844384
BNBUSDT,market_return_5m,59,-0.011002402423045206,0.011002402423045206
BNBUSDT,market_volatility_15m,60,0.01116253011890821,0.01116253011890821
XRPUSDT,return_1m,0,-0.015686760728488718,0.015686760728488718
XRPUSDT,return_5m,1,-0.027090531524110787,0.027090531524110787
XRPUSDT,return_15m,2,-0.01649004143174212,0.01649004143174212
XRPUSDT,return_30m,3,-0.004102265619918895,0.004102265619918895
XRPUSDT,return_1m_lag_1,4,-0.007169576861078212,0.007169576861078212
XRPUSDT,return_1m_lag_2,5,-0.009719001272345831,0.009719001272345831
XRPUSDT,return_1m_lag_3,6,-0.015103632668372032,0.015103632668372032
XRPUSDT,return_1m_lag_5,7,-0.006830278394832945,0.006830278394832945
XRPUSDT,return_1m_lag_10,8,0.00026508955282365804,0.00026508955282365804
XRPUSDT,return_1m_lag_15,9,0.0023577671408115336,0.0023577671408115336
XRPUSDT,return_1m_lag_30,10,0.0014814184053277804,0.0014814184053277804
XRPUSDT,return_1m_lag_60,11,-0.0107885271100681,0.0107885271100681
XRPUSDT,return_5m_lag_1,12,-0.023028663282573896,0.023028663282573896
XRPUSDT,return_5m_lag_2,13,-0.02025270640793883,0.02025270640793883
XRPUSDT,return_5m_lag_3,14,-0.01243162276054506,0.01243162276054506
XRPUSDT,return_5m_lag_6,15,0.010251141862338865,0.010251141862338865
XRPUSDT,return_5m_lag_12,16,-0.00683966103658609,0.00683966103658609
XRPUSDT,rolling_return_mean_5,17,-0.027046331252591586,0.027046331252591586
XRPUSDT,rolling_return_std_5,18,0.006187248648313033,0.006187248648313033
XRPUSDT,rolling_return_mean_15,19,-0.01639039621813864,0.01639039621813864
XRPUSDT,rolling_return_std_15,20,0.00910864056023285,0.00910864056023285
XRPUSDT,rolling_return_mean_30,21,-0.00415512776903816,0.00415512776903816
XRPUSDT,rolling_return_std_30,22,0.004167266963441828,0.004167266963441828
XRPUSDT,rolling_return_mean_60,23,-0.0057185380262267565,0.0057185380262267565
XRPUSDT,rolling_return_std_60,24,0.003158168582760951,0.003158168582760951
XRPUSDT,volatility_15m,25,0.00910864056023285,0.00910864056023285
XRPUSDT,volatility_60m,26,0.003158168582760951,0.003158168582760951
XRPUSDT,volume_change_5m,27,0.006473992651718192,0.006473992651718192
XRPUSDT,volume_ratio,28,0.004877659576085974,0.004877659576085974
XRPUSDT,volume_zscore_60,29,0.0009544807438922787,0.0009544807438922787
XRPUSDT,rsi_14,30,-0.007473225153621906,0.007473225153621906
XRPUSDT,macd,31,-0.006875740685063671,0.006875740685063671
XRPUSDT,macd_signal,32,-0.0013567018956920649,0.0013567018956920649
XRPUSDT,macd_histogram,33,-0.01874618726927224,0.01874618726927224
XRPUSDT,candle_range,34,0.005603367762386417,0.005603367762386417
XRPUSDT,body_size,35,0.007584657009346499,0.007584657009346499
XRPUSDT,upper_shadow,36,0.004573650265644116,0.004573650265644116
XRPUSDT,lower_shadow,37,-0.0033126716894407156,0.0033126716894407156
XRPUSDT,close_position_in_range,38,-0.009277423645922109,0.009277423645922109
XRPUSDT,atr_14_pct,39,0.012120382305009973,0.012120382305009973
XRPUSDT,price_vs_sma_20,40,-0.019987231404438973,0.019987231404438973
XRPUSDT,price_vs_sma_50,41,-0.013035809293147751,0.013035809293147751
XRPUSDT,price_vs_ema_20,42,-0.020207158841253178,0.020207158841253178
XRPUSDT,bollinger_position,43,-0.011054497543394598,0.011054497543394598
XRPUSDT,time_sin,44,-0.0036185281877385003,0.0036185281877385003
XRPUSDT,time_cos,45,-0.0083490615240443,0.0083490615240443
XRPUSDT,day_sin,46,-0.010955143339007418,0.010955143339007418
XRPUSDT,day_cos,47,0.0026961017108717996,0.0026961017108717996
XRPUSDT,BNBUSDT_return_1m,48,-0.003549137259700966,0.003549137259700966
XRPUSDT,BTCUSDT_return_1m,49,-0.003392014945599835,0.003392014945599835
XRPUSDT,ETHUSDT_return_1m,50,-0.0022592469507908583,0.0022592469507908583
XRPUSDT,SOLUSDT_return_1m,51,-0.001836166377096199,0.001836166377096199
XRPUSDT,XRPUSDT_return_1m,52,-0.015686760504164173,0.015686760504164173
XRPUSDT,BNBUSDT_return_5m,53,-0.010360630864753834,0.010360630864753834
XRPUSDT,BTCUSDT_return_5m,54,-0.006448051034310549,0.006448051034310549
XRPUSDT,ETHUSDT_return_5m,55,-0.013608821808648246,0.013608821808648246
XRPUSDT,SOLUSDT_return_5m,56,-0.012104999788196279,0.012104999788196279
XRPUSDT,XRPUSDT_return_5m,57,-0.027090531836844234,0.027090531836844234
XRPUSDT,market_return_1m,58,-0.005847166606569821,0.005847166606569821
XRPUSDT,market_return_5m,59,-0.015553530532847486,0.015553530532847486
XRPUSDT,market_volatility_15m,60,0.004287037113228373,0.004287037113228373
